Infectious agent ;Common name ;Vaccine(s);DNA
Acinetobacter baumannii ;Acinetobacter infections ;No;CTAGGCAACTGAGGCTAT
Actinomyces israelii, Actinomyces gerencseriae and Propionibacterium propionicus ;Actinomycosis ;No;CGCTCCCCCAGCACCCTA
Adenoviridae ;Adenovirus infection ;Under research;GGGCTTCGGCAGAGCCGA
Trypanosoma brucei ;African sleeping sickness (African trypanosomiasis) ;Under research;GTGCCGGTCGGCCCGGAA
HIV (Human immunodeficiency virus) ;AIDS (acquired immunodeficiency syndrome) ;Under research;CCGGCCGGGGGAGGCCAA
Entamoeba histolytica ;Amoebiasis ;No;ATTAAGGACGCCTGGCAC
Anaplasma species ;Anaplasmosis ;No;GACCTCCCTAGCATACTC
Angiostrongylus ;Angiostrongyliasis ;No;CCGCGGCCCATCTATCCA
Anisakis ;Anisakiasis ;No;TGATCTATTCCTACCAAG
Bacillus anthracis ;Anthrax ;Yes;CCTCATTGCTATCCCTGT
Arcanobacterium haemolyticum ;Arcanobacterium haemolyticum infection ;No;AGTTTGGCCGTGCTTCAG
Junin virus ;Argentine hemorrhagic fever ;Yes;CCGCTCTGCCCCTCTGAC
Ascaris lumbricoides ;Ascariasis ;No;GCGCTTCGTTTCGAGCGA
Aspergillus species ;Aspergillosis ;No;GTAACTGTGCAAAACCAG
Astroviridae species ;Astrovirus infection ;No;AGACCGAGGTGGGCGGGA
Babesia species ;Babesiosis ;No;CGTCCCGGGAGACTGACC
Bacillus cereus ;Bacillus cereus infection ;No;CAATGTCTCGGAAGGAGA
multiple bacteria ;Bacterial meningitis ;No;GGCCGGCGGGGGCGTAGC
multiple bacteria ;Bacterial pneumonia ;No;ACCGGCGCGGCGGAGGGG
List of bacterial vaginosis microbiota ;Bacterial vaginosis ;No;GCCCCTTATTTTCTCACG
Bacteroides species ;Bacteroides infection ;No;GCTCCGGGCTAAGCGACG
Balantidium coli ;Balantidiasis ;No;GGCGTGGGCCCCCCTTGC
Bartonella ;Bartonellosis ;No;TCCGGACCTGACTCAGCG
Baylisascaris species ;Baylisascaris infection ;No;CCGCCCGCCGGGGACTGC
BK virus ;BK virus infection ;No;GCCGCGCCAAGGACCCTG
Piedraia hortae ;Black piedra ;No;TGTCCATTTGTCTATCTA
Blastocystis species ;Blastocystosis ;No;GCACCTTGCCCCAGGTCG
Blastomyces dermatitidis ;Blastomycosis ;No;CGGTTGTCAGCGCCCCGG
Machupo virus ;Bolivian hemorrhagic fever ;No;CGGGAACGCCGGACGGCT
Clostridium botulinum;Botulism (and Infant botulism) ;No;CTAGGAGGTCGCCTGTCG
Sabiá virus ;Brazilian hemorrhagic fever ;No;AGAGTGGTACGGGCCGCC
Brucella species ;Brucellosis ;Yes;GCCGCGGGCCCCCCTAAC
Yersinia pestis ;Bubonic plague ;Under research;CCGGGAGCGCCGGGCTGC
usually Burkholderia cepacia and other Burkholderia species ;Burkholderia infection ;No;TAACGCGGGACCGAGACT
Mycobacterium ulcerans ;Buruli ulcer ;No;GCCGGCCCTCACCGAGAC
Caliciviridae species ;Calicivirus infection (Norovirus and Sapovirus) ;No;CATGGCGCTCTGGATGCG
Campylobacter species ;Campylobacteriosis ;No;GGCGGGTCCGCGGTAATG
usually Candida albicans and other Candida species ;Candidiasis (Moniliasis; Thrush) ;No;CAGCGAGCCAATAACCCT
Intestinal disease by Capillaria philippinensis, hepatic disease by Capillaria hepatica and pulmonary disease by Capillaria aerophila ;Capillariasis ;No;ATGCGAATTGCACCCAAC
Streptococcus mutans ;Dental caries ;Under research;CCAATATGGCTTCGCTTG
Bartonella bacilliformis ;Carrion's disease ;No;TGCCTGGCGGAGTACTCA
Bartonella henselae ;Cat-scratch disease ;No;CGCCCGGCTCAGTAGTCG
usually Group A Streptococcus and Staphylococcus ;Cellulitis ;No;AGTGCGCACGCCCGAACG
Trypanosoma cruzi ;Chagas disease (American trypanosomiasis) ;Under research;CTCACTGTCGGCTGTGTT
Haemophilus ducreyi ;Chancroid ;No;GTTCATTCCAGCATGCCG
Varicella zoster virus (VZV) ;Chickenpox ;Yes;TGGGCGACGTTGTTGGCC
Alphavirus ;Chikungunya ;Under research;CGTGTAGGGATTGCCAAC
Chlamydia trachomatis ;Chlamydia ;No;CTTGTAAGCCGGCCGGCT
Chlamydophila pneumoniae ;Chlamydophila pneumoniae infection (Taiwan acute respiratory agent or TWAR) ;No;ACGGTGGCCGCGAAAACC
Vibrio cholerae ;Cholera ;Yes;TCAAGGCCTGGAAACCTC
usually Fonsecaea pedrosoi ;Chromoblastomycosis ;No;GTAGCCTCGGTGAGGCCT
Batrachochytrium dendrabatidis ;Chytridiomycosis ;No;GACCACAACGACATCCCG
Clonorchis sinensis ;Clonorchiasis ;No;ATTGCGCCCCAGGGCCCG
Clostridium difficile ;Clostridium difficile colitis ;No;CCTGGATCGTTTGTGGAC
Coccidioides immitis and Coccidioides posadasii ;Coccidioidomycosis ;No;AATCCCGTGAGCCCCTCC
Colorado tick fever virus (CTFV) ;Colorado tick fever (CTF) ;No;AACATGCTGTTACTCAAC
usually rhinoviruses and coronaviruses ;Common cold (Acute viral rhinopharyngitis; Acute coryza) ;No;CGGTCCGGTCTACGGCCG
Severe acute respiratory syndrome coronavirus 2 (SARS-CoV-2) ;Coronavirus disease 2019 (COVID-19) ;Yes;CTCGCCGATCTCGCGTCG
Coxsackie B virus ;Coxsackie B virus infection ;Under research;CGTGTCAGGGGCCGCGGC
PRNP ;Creutzfeldt–Jakob disease (CJD) ;No;CGGAGTGCTCCTTGTCAC
Crimean-Congo hemorrhagic fever virus ;Crimean-Congo hemorrhagic fever (CCHF) ;No;CTTCGGCGCTGGCCGCGG
Cryptococcus neoformans ;Cryptococcosis ;No;GGGGTAGCGACAACAAGG
Cryptosporidium species ;Cryptosporidiosis ;No;TAGCCGAGCAGGTATGAT
usually Ancylostoma braziliense; multiple other parasites ;Cutaneous larva migrans (CLM) ;No;CACGGGTAGGGTAGCAGC
Cyclospora cayetanensis ;Cyclosporiasis ;No;CCCGCGAGTTTCGTACGT
Taenia solium ;Cysticercosis ;No;GCGTGAGACACTGGCCGT
Cytomegalovirus ;Cytomegalovirus infection ;Under research;TATATTACGCCAATTGGT
Dengue viruses (DEN-1, DEN-2, DEN-3 and DEN-4) – Flaviviruses ;Dengue fever ;Yes;GGCCCCAGTGACTGTGGG
Green algae Desmodesmus armatus ;Desmodesmus infection ;No;GTTACCGACCAGTGGGGG
Dientamoeba fragilis ;Dientamoebiasis ;No;ATTAGGACGGAGTAGGGA
Corynebacterium diphtheriae ;Diphtheria ;Yes;GGTCCATGTGACTCTTCC
Diphyllobothrium ;Diphyllobothriasis ;No;GGCTATGGCTGCCAGTCA
Dracunculus medinensis ;Dracunculiasis ;No;TAGGGGTAGTCTGTTGGA
Eastern equine encephalitis virus ;Eastern equine encephalitis (EEE) ;Under research;ACTCTGTCCTTTCGAGGA
Ebolavirus (EBOV) ;Ebola hemorrhagic fever ;Yes;CCCTTGCCGTTCCGTCGG
Echinococcus species ;Echinococcosis ;No;CTCTGCCAGCGGACTCGC
Ehrlichia species ;Ehrlichiosis ;Under research;GACAGACATCGGCTTGAA
Enterobius vermicularis ;Enterobiasis (Pinworm infection) ;No;GGCCAGTCACCCCTCGAG
Enterococcus species ;Enterococcus infection ;No;GATCGGGAACCCTCGCTG
Enterovirus species ;Enterovirus infection ;No;GTTAGACGATCGCTAGCG
Rickettsia prowazekii ;Epidemic typhus ;No;TCCAAGCGCCTGGTAGCT
Parvovirus B19 ;Erythema infectiosum (Fifth disease) ;No;GCCGGCACAGGCCCTAGC
Human herpesvirus 6 (HHV-6) and human herpesvirus 7 (HHV-7) ;Exanthem subitum (Sixth disease) ;No;AGCGGGGCCACCTCGTCG
Fasciola hepatica and Fasciola gigantica ;Fasciolasis ;No;GCACACGCTGGCGCGGGC
Fasciolopsis buski ;Fasciolopsiasis ;No;GCGCCCGAGAGTGGGCCC
PRNP ;Fatal familial insomnia (FFI) ;No;CTCGCCCGACGATCCTTG
Filarioidea superfamily ;Filariasis ;No;TCCAACGGCGTCAAACGA
Clostridium perfringens ;Food poisoning by Clostridium perfringens ;No;AGGAAGGCTACGCACGGG
multiple ;Free-living amebic infection ;No;CACGTCCGGAGCGCTACC
Fusobacterium species ;Fusobacterium infection ;No;TACGCGTGCTTGTAGGTG
usually Clostridium perfringens; other Clostridium species ;Gas gangrene (Clostridial myonecrosis) ;No;TTCTCGCGTGTCGACACG
Geotrichum candidum ;Geotrichosis ;No;GATTAGCTTCCGCGCCAA
PRNP ;Gerstmann-Sträussler-Scheinker syndrome (GSS) ;No;GGTGGCCGCAAGGCCGCC
Giardia lamblia ;Giardiasis ;No;AAACCCCGACGATCCTCC
Burkholderia mallei ;Glanders ;No;CCACCCGACCTGCGCCTG
Gnathostoma spinigerum and Gnathostoma hispidum ;Gnathostomiasis ;No;TGTGACGCAGAACGGCGG
Neisseria gonorrhoeae ;Gonorrhea ;Under research;TCCATTGAGGGCGTGGAG
Klebsiella granulomatis ;Granuloma inguinale (Donovanosis) ;No;CCCCGGCGGTGCCAATAC
Streptococcus pyogenes ;Group A streptococcal infection ;No;GCGGTGTATCCGGCCGTG
Streptococcus agalactiae ;Group B streptococcal infection ;No;GTCAGCCCCGCATCCAAT
Haemophilus influenzae ;Haemophilus influenzae infection ;Yes;AGCGGGCGTCCAGCCACG
Enteroviruses, mainly Coxsackie A virus and enterovirus 71 (EV71) ;Hand, foot and mouth disease (HFMD) ;Under research;CGGCATTGAGGTGGCAGA
Sin Nombre virus ;Hantavirus Pulmonary Syndrome (HPS) ;No;TCATAGTAGGACCCGGTT
Heartland virus ;Heartland virus disease ;No;GAACACCCGTCCTCGCAG
Helicobacter pylori ;Helicobacter pylori infection ;No;CCGGCGACCCCTGTATGG
Escherichia coli O157:H7, O111 and O104:H4 ;Hemolytic-uremic syndrome (HUS) ;No;GCCAAATAGGGGGTAATG
Bunyaviridae species ;Hemorrhagic fever with renal syndrome (HFRS) ;No;CTGAACCACGGCCTTGTC
Hendra virus ;Hendra virus infection ;No;GAGACCCCGAACTGACCC
Hepatitis A virus ;Hepatitis A ;Yes;CGGCGCAGCTTTTCCCGA
Hepatitis B virus ;Hepatitis B ;Yes;TCTCACGTCGTGCGCGGC
Hepatitis C virus ;Hepatitis C ;Under research;GTGACTCGGCGCCGGGTA
Hepatitis D Virus ;Hepatitis D ;No;AGGCCGGTGTGCCCGCAC
Hepatitis E virus ;Hepatitis E ;Yes;GTGGGAGCGCTGCACGCG
Herpes simplex virus 1 and 2 (HSV-1 and HSV-2) ;Herpes simplex ;No;AGCGGGGAGATCCCGGGC
Histoplasma capsulatum ;Histoplasmosis ;No;CGAACGGATCCGGGGGCC
Ancylostoma duodenale and Necator americanus ;Hookworm infection ;Under research;CCGTTCTCATACGGGTGG
Human bocavirus (HBoV) ;Human bocavirus infection ;No;AGCCGTGGTTCGAGCGGC
Ehrlichia ewingii ;Human ewingii ehrlichiosis ;No;CGCTAGCGACAACAGACT
Anaplasma phagocytophilum ;Human granulocytic anaplasmosis (HGA) ;No;GGTGCATAGGCACCCGCT
Human metapneumovirus (hMPV) ;Human metapneumovirus infection ;No;CCGCCCCGCAAGCCCTGC
Ehrlichia chaffeensis ;Human monocytic ehrlichiosis ;No;ATACCAGGCGGGCCGCAG
One of the human papillomaviruses ;Human papillomavirus (HPV) infection ;Yes;ATCTTTTCACCGCCGTCT
Human parainfluenza viruses (HPIV) ;Human parainfluenza virus infection ;Under research;TCGTTTGGACTCTGTCAG
Human T-lymphotropic virus 1 (HTLV-1) ;Human T-lymphotropic virus 1 infection ;Under research;CCCTGCGATCAGTGTGGA
Hymenolepis nana and Hymenolepis diminuta ;Hymenolepiasis ;No;AGGCGGTGTCGTGCGTGC
Epstein–Barr virus (EBV) ;Epstein–Barr virus infectious mononucleosis (Mono) ;Under research;AAGCCGGCAGAAGGTACC
Orthomyxoviridae species ;Influenza (flu) ;Under research;GCGGCGACACGGCTCCCG
Yes;GCGACGAGCCCGCCCTCC
Isospora belli ;Isosporiasis ;No;GCGCACCGCGGGGGCGAG
Japanese encephalitis virus ;Japanese encephalitis ;Yes;AATGTGCGGGAACAAGAG
unknown; evidence supports that it is infectious ;Kawasaki disease ;No;CAGGTAGGCAACGGGGGG
multiple ;Keratitis ;No;TTGCTGCACGTACTACTC
Kingella kingae ;Kingella kingae infection ;No;GTGTCCGGCATAAGAGCA
PRNP ;Kuru ;No;TGCGCTCTCAGCCCCCCC
Lassa virus ;Lassa fever ;No;GTGGGTGACCCAAGCGAC
Legionella pneumophila ;Legionellosis (Legionnaires' disease) ;No;GTGGTACAGCAAAGTCTG
Legionella pneumophila ;Pontiac fever ;No;GATTCCCAGGGGCCGAGG
Leishmania species ;Leishmaniasis ;Under research;CGGTGGTGTTCCAGGCCG
Mycobacterium leprae and Mycobacterium lepromatosis ;Leprosy ;Under research;CCGTTAGCGCCGTTTTCA
Leptospira species ;Leptospirosis ;Yes;AGGTCGACACCACGTCGC
Listeria monocytogenes ;Listeriosis ;No;TCCGATCTTCTCGGGCCC
Borrelia burgdorferi, Borrelia garinii, and Borrelia afzelii ;Lyme disease (Lyme borreliosis) ;Under research;GGCCGCCGGAGACCTCCG
Wuchereria bancrofti and Brugia malayi ;Lymphatic filariasis (Elephantiasis) ;No;GTACGGGTCCCGATAGCG
Lymphocytic choriomeningitis virus (LCMV) ;Lymphocytic choriomeningitis ;No;CTAGCCCGTCACGTGGGT
Plasmodium species ;Malaria ;Under research;CGGCCCCGTCGGGGGTAC
Marburg virus ;Marburg hemorrhagic fever (MHF) ;Under research;TGCGGTCATGCCCTGTGC
Measles virus ;Measles ;Yes;CCCCTTGCGGTAGCGCAC
Middle East respiratory syndrome coronavirus ;Middle East respiratory syndrome (MERS) ;Under research;CCCGGCAGGCCGCACTAG
Burkholderia pseudomallei ;Melioidosis (Whitmore's disease) ;No;CCGTCACGCCGAGGGGAC
multiple ;Meningitis ;No;ATCGGGTCACCTGCTGGG
Neisseria meningitidis ;Meningococcal disease ;Yes;TCCCACAAGATGAGGGCG
usually Metagonimus yokagawai ;Metagonimiasis ;No;CTCAAGGCTCGGGTTGGT
Microsporidia phylum ;Microsporidiosis ;No;GGTCCAGTCCAGGGAGCC
Molluscum contagiosum virus (MCV) ;Molluscum contagiosum (MC) ;No;CCCGAGAGTGCAGGCCGA
Monkeypox virus ;Monkeypox ;No;CGGGCGTACCGCAGGATG
Mumps virus ;Mumps ;Yes;GAGGGGGGAGGGGGGAAG
Rickettsia typhi ;Murine typhus (Endemic typhus) ;No;TGCGCTGGCGATACGCTG
Mycoplasma pneumoniae ;Mycoplasma pneumonia ;No;GCCCACTCAGGGGCCCGG
Mycoplasma genitalium ;Mycoplasma genitalium infection ;No;GCGAGGCGGGCGATCCCA
numerous species of bacteria (Actinomycetoma) and fungi (Eumycetoma) ;Mycetoma ;No;CGGGCGGATGCAACGCGG
parasitic dipterous fly larvae ;Myiasis ;No;CCCAACCGACTCGCACCA
most commonly Chlamydia trachomatis and Neisseria gonorrhoeae ;Neonatal conjunctivitis (Ophthalmia neonatorum) ;No;AGTGAGGGGGGCCGGGTT
Nipah virus ;Nipah virus infection ;Under research;ATTCGCAAGACCCCGGCT
Norovirus ;Norovirus ;Under research;CGGATGCAAGGTGGTTCG
PRNP ;(New) Variant Creutzfeldt–Jakob disease (vCJD, nvCJD) ;No;CTCACTTGTGTTGCCCGG
usually Nocardia asteroides and other Nocardia species ;Nocardiosis ;No;GCGGCACTCTCCACTCTA
Onchocerca volvulus ;Onchocerciasis (River blindness) ;Under research;CGGCTGGTTGCATGAGGG
Opisthorchis viverrini and Opisthorchis felineus ;Opisthorchiasis ;No;GCGAGCCAGCGGGCGCGG
Paracoccidioides brasiliensis ;Paracoccidioidomycosis (South American blastomycosis) ;No;GCACCGAACGACCGGTGA
usually Paragonimus westermani and other Paragonimus species ;Paragonimiasis ;No;CCCCCACGCGAGTTACGT
Pasteurella species ;Pasteurellosis ;No;CCGGCATGTCCGCCGGTG
Pediculus humanus capitis ;Pediculosis capitis (Head lice) ;No;GGCCGTCGCAGTCGAGCC
Pediculus humanus corporis ;Pediculosis corporis (Body lice) ;No;CGCGTGAGAGGGGCCAGC
Pthirus pubis ;Pediculosis pubis (pubic lice, crab lice) ;No;GCTTGGGGAGCGAACAAC
multiple ;Pelvic inflammatory disease (PID) ;No;GTAGATGCCGAAGGCAGC
Bordetella pertussis ;Pertussis (whooping cough) ;Yes;GGCGCCCAGGGCCAGAGC
Yersinia pestis ;Plague ;Under research;CAACAGCCCTCCAGCGCC
Streptococcus pneumoniae ;Pneumococcal infection ;Yes;CCCACGGGGTGCGGAGGC
Pneumocystis jirovecii ;Pneumocystis pneumonia (PCP) ;No;ACGCAGCTATCCGGCAAA
multiple ;Pneumonia ;No;CGAGGAGGAGGTCGAGGG
Poliovirus ;Poliomyelitis ;Yes;CGACCGCGCTCCCAGTGA
Prevotella species ;Prevotella infection ;No;TGCCGCGGTTGCACGCAC
usually Naegleria fowleri ;Primary amoebic meningoencephalitis (PAM) ;No;CGGGATCGCGCCCGCGGA
JC virus ;Progressive multifocal leukoencephalopathy ;No;CGCCTCGCCACTTGCACG
Chlamydophila psittaci ;Psittacosis ;No;GGAGGACTGTGGGCGGTC
Coxiella burnetii ;Q fever ;Yes;GGACTCGGGCGCCCCTGA
Rabies virus ;Rabies ;Yes;AAAGTGCCGGACACCAAG
Borrelia hermsii, Borrelia recurrentis, and other Borrelia species ;Relapsing fever ;No;GCGTGCACTGGGTAAGCA
Respiratory syncytial virus (RSV) ;Respiratory syncytial virus infection ;Under research;GGCATCAGATGGATTCCT
Rhinosporidium seeberi ;Rhinosporidiosis ;No;TGGCGCATCCGGATCGCG
Rhinovirus ;Rhinovirus infection ;No;CACCATGCGTATTGAAAC
Rickettsia species ;Rickettsial infection ;No;ATAAACCTGCTTAAACGC
Rickettsia akari ;Rickettsialpox ;No;GAAGCCGGGACGCTTTAA
Rift Valley fever virus ;Rift Valley fever (RVF) ;No;GGCCATTGGACGGCTTCC
Rickettsia rickettsii ;Rocky Mountain spotted fever (RMSF) ;No;CACGACATCGGGGCCGGC
Rotavirus ;Rotavirus infection ;Yes;CACGGCCACTGCGGCCCC
Rubella virus ;Rubella ;Yes;TGGGGGAGGCGGGGGACG
Salmonella species ;Salmonellosis ;No;CGCGGACCCCAAGAAGGC
SARS coronavirus ;Severe acute respiratory syndrome (SARS) ;Under research;GGCGCCCGGAGGCATGAG
Sarcoptes scabiei ;Scabies ;No;TGCGGGGCCCGTGGGGAG
Group A Streptococcus species ;Scarlet fever ;No;GCACAACGAACACCCGCA
Schistosoma species ;Schistosomiasis ;Under research;ATTAGCCCGTGGATGCGC
multiple ;Sepsis ;No;GTCTAAGGCTCTCCGACT
Shigella species ;Shigellosis (bacillary dysentery) ;No;CAGGCAGCGTGGTAAGGG
Varicella zoster virus (VZV) ;Shingles (Herpes zoster) ;Yes;ACTCGGAGTTAGAGTGGC
Variola major or Variola minor ;Smallpox (variola) ;Yes;CCTCCACGCTGAAACGCT
Sporothrix schenckii ;Sporotrichosis ;No;CGCTAGATGTCGCCGCGC
Staphylococcus species ;Staphylococcal food poisoning ;No;TTCGTATCACTACCATTG
Staphylococcus species ;Staphylococcal infection ;No;GGACCTCCTCCTGGCCTC
Strongyloides stercoralis ;Strongyloidiasis ;No;TGCGGACGTGTCGGTCCC
Measles virus ;Subacute sclerosing panencephalitis ;Yes;GGGACAGGCGCCTTTGGT
Treponema pallidum ;Bejel, Syphilis, and Yaws ;Under research;GCCGCGCGGACAGCGGCC
Taenia species ;Taeniasis ;No;TCAAGCGTGCTGGCTGAT
Clostridium tetani ;Tetanus (lockjaw) ;Yes;CGCTCCCCTCGGGTTTGA
Tick-borne encephalitis virus (TBEV) ;Tick-borne encephalitis ;Yes;CCGGTAGTGGAAACAACA
usually Trichophyton species ;Tinea barbae (barber's itch) ;No;CGCGCCGGCGTGGTTCCG
usually Trichophyton tonsurans ;Tinea capitis (ringworm of the scalp) ;No;ATATAGTCAACGGCCCGT
usually Trichophyton species ;Tinea corporis (ringworm of the body) ;No;ACCCCTCGCTGCAGAAGG
usually Epidermophyton floccosum, Trichophyton rubrum, and Trichophyton mentagrophytes ;Tinea cruris (Jock itch) ;No;GTTACCGCCGCCAAGTCA
Trichophyton rubrum ;Tinea manum (ringworm of the hand) ;No;CGCCGCAGATCCTATTCC
usually Hortaea werneckii ;Tinea nigra ;No;ATCCAGCACCGCGGTGAA
usually Trichophyton species ;Tinea pedis (athlete’s foot) ;No;GGGACCAGCAGCGTTCCT
usually Trichophyton species ;Tinea unguium (onychomycosis) ;No;CGCCGTGTCCATGAGCCG
Malassezia species ;Tinea versicolor (Pityriasis versicolor) ;No;GCTCGCGTGTGGGCCCCC
Staphylococcus aureus or Streptococcus pyogenes ;Toxic shock syndrome (TSS) ;Under research;GACGGGGCCTCACACTGG
Toxocara canis or Toxocara cati ;Toxocariasis (ocular larva migrans (OLM)) ;No;CGCAGCTGCTCGCCGTGC
Toxocara canis or Toxocara cati ;Toxocariasis (visceral larva migrans (VLM)) ;No;CTACCTCCGGTCAACGGA
Toxoplasma gondii ;Toxoplasmosis ;No;CCCTCGCTACCACCAAGT
Chlamydia trachomatis ;Trachoma ;No;GTTCCGTGGTCGAGGGTG
Trichinella spiralis ;Trichinosis ;No;GTGGGCGGGCGGACAGCC
Trichomonas vaginalis ;Trichomoniasis ;No;GAACATCCGAAACAGCCT
Trichuris trichiura ;Trichuriasis (whipworm infection) ;No;GTCTTCGCTCTTAAGGTG
usually Mycobacterium tuberculosis ;Tuberculosis ;Yes;GGGGGCTCGGGACTAGCG
Francisella tularensis ;Tularemia ;Under research;CCATGAGGCCTGACACCA
Salmonella enterica subsp. enterica, serovar typhi ;Typhoid fever ;Yes;CGCGCCTTCCTCTTGTAG
Rickettsia ;Typhus fever ;No;TTCGCGGAAGAGCCCCAC
Ureaplasma urealyticum ;Ureaplasma urealyticum infection ;No;GTTACCCTACCTACCGGG
Coccidioides immitis or Coccidioides posadasii. ;Valley fever ;No;TGTGTGCGTATTCCTAGA
Venezuelan equine encephalitis virus ;Venezuelan equine encephalitis ;No;GGGGAGGGTGTGTCATGC
Guanarito virus ;Venezuelan hemorrhagic fever ;No;AATGACGGCGACTGTAGG
Vibrio vulnificus ;Vibrio vulnificus infection ;No;CAGGGTCTGTCCTGACGC
Vibrio parahaemolyticus ;Vibrio parahaemolyticus enteritis ;No;CCACAGCCTATTACAGCC
multiple viruses ;Viral pneumonia ;No;CTATCTGGCACACGGAAT
West Nile virus ;West Nile fever ;Under research;GCTGCAGGGGCAGTGATG
Trichosporon beigelii ;White piedra (tinea blanca) ;No;CGTTTCACAGGGCGGGGA
Yersinia pseudotuberculosis ;Yersinia pseudotuberculosis infection ;No;TTCTTCCGGAGTAGACCG
Yersinia enterocolitica ;Yersiniosis ;No;GTCATCCGCGGTGCGATG
Yellow fever virus ;Yellow fever ;Yes;GGTGCGAGCCGAGGCTTC
Zeaspora fungus ;Zeaspora ;No;GGGGGGCCGGCGGTTGTG
Zika virus ;Zika fever ;Under research;CTCGAGCGTGGAGCGGGG
Mucorales order (Mucormycosis) and Entomophthorales order (Entomophthoramycosis) ;Zygomycosis ;No ;GGGGCCCGGCCCCCGGTG